{
	"resource_pack_name": "bridgeRP",
	"texture_name": "atlas.items",
	"texture_data": {
		"sunglass_sunglasses_helmet": {
			"textures": [
				"textures/items/sunglasses_helmet"
			]
		},
		"sunglass_sunglasses_chestplate": {
			"textures": [
				"textures/items/sunglasses_chestplate"
			]
		},
		"sunglass_sunglasses_leggings": {
			"textures": [
				"textures/items/sunglasses_leggings"
			]
		},
		"sunglass_sunglasses_boots": {
			"textures": [
				"textures/items/sunglasses_boots"
			]
		}
	}
}