{
	"file_path": "C:\\Users\\Jesse\\AppData\\Local\\Packages\\Microsoft.MinecraftUWP_8wekyb3d8bbwe\\LocalState\\games\\com.mojang\\development_resource_packs\\Sunglasses\\attachables\\sunglasses_leggings.player.json",
	"file_type": "attachable",
	"format_version": 0,
	"cache_content": {
		"format_version": "1.10.0",
		"minecraft:attachable": {
			"description": {
				"identifier": "sunglass:sunglasses_leggings.player",
				"item": {
					"sunglass:sunglasses_leggings": "query.owner_identifier == 'minecraft:player'"
				},
				"materials": {
					"default": "armor",
					"enchanted": "armor_enchanted"
				},
				"textures": {
					"default": "textures/models/armor/sunglasses_2",
					"enchanted": "textures/misc/enchanted_item_glint"
				},
				"geometry": {
					"default": "geometry.player.armor.leggings"
				},
				"scripts": {
					"parent_setup": "variable.leg_layer_visible = 0.0;"
				},
				"render_controllers": [
					"controller.render.armor"
				]
			}
		}
	},
	"file_uuid": "314be487_055c_40ab_96e3_5b84f29dadcc"
}