{
	"file_path": "C:\\Users\\Jesse\\AppData\\Local\\Packages\\Microsoft.MinecraftUWP_8wekyb3d8bbwe\\LocalState\\games\\com.mojang\\development_resource_packs\\Sunglasses\\attachables\\sunglasses_leggings.json",
	"file_type": "attachable",
	"format_version": 0,
	"cache_content": {
		"format_version": "1.8.0",
		"minecraft:attachable": {
			"description": {
				"identifier": "sunglass:sunglasses_leggings",
				"materials": {
					"default": "armor",
					"enchanted": "armor_enchanted"
				},
				"textures": {
					"default": "textures/models/armor/sunglasses_2",
					"enchanted": "textures/misc/enchanted_item_glint"
				},
				"geometry": {
					"default": "geometry.humanoid.armor.leggings"
				},
				"scripts": {
					"parent_setup": "variable.leg_layer_visible = 0.0;"
				},
				"render_controllers": [
					"controller.render.armor"
				]
			}
		}
	},
	"file_uuid": "b3869efe_4f72_4709_a1c9_9ea462222684"
}