{
	"file_path": "C:\\Users\\Jesse\\AppData\\Local\\Packages\\Microsoft.MinecraftUWP_8wekyb3d8bbwe\\LocalState\\games\\com.mojang\\development_resource_packs\\Sunglasses\\attachables\\sunglasses_chestplate.json",
	"file_type": "attachable",
	"format_version": 0,
	"cache_content": {
		"format_version": "1.8.0",
		"minecraft:attachable": {
			"description": {
				"identifier": "sunglass:sunglasses_helmet",
				"materials": {
					"default": "armor",
					"enchanted": "armor_enchanted"
				},
				"textures": {
					"default": "textures/models/armor/sunglasses_1",
					"enchanted": "textures/misc/enchanted_item_glint"
				},
				"geometry": {
					"default": "geometry.humanoid.armor.helmet"
				},
				"scripts": {
					"parent_setup": "variable.helmet_layer_visible = 0.0;"
				},
				"render_controllers": [
					"controller.render.armor"
				]
			}
		}
	},
	"file_uuid": "ac3ba659_0d52_4d32_bedc_1ab1cb19f4a1"
}