{
	"file_path": "C:\\Users\\Jesse\\AppData\\Local\\Packages\\Microsoft.MinecraftUWP_8wekyb3d8bbwe\\LocalState\\games\\com.mojang\\development_behavior_packs\\Sunglasses\\items\\sunglasses.json",
	"file_type": "item",
	"format_version": 1,
	"file_uuid": "6ddc589a_1b95_4822_9460_7102abfef0f5",
	"file_version": 4,
	"cache_content": {
		"children": [
			{
				"data": "1.16.100",
				"key": "format_version"
			},
			{
				"open": {
					"format_version": "1.16.100",
					"minecraft:item": {
						"description": {
							"identifier": "sunglass:sunglasses_helmet",
							"category": "equipment"
						},
						"components": {
							"minecraft:max_stack_size": 1,
							"minecraft:icon": {
								"texture": "sunglass_sunglasses_helmet"
							},
							"minecraft:render_offsets": "helmets",
							"minecraft:armor": {
								"protection": 0
							},
							"minecraft:wearable": {
								"slot": "slot.armor.head"
							},
							"minecraft:display_name": {
								"value": "Sunglasses"
							}
						}
					}
				},
				"key": "minecraft:item",
				"children": [
					{
						"open": {
							"description": {
								"identifier": "sunglass:sunglasses_helmet",
								"category": "equipment"
							},
							"components": {
								"minecraft:max_stack_size": 1,
								"minecraft:icon": {
									"texture": "sunglass_sunglasses_helmet"
								},
								"minecraft:render_offsets": "helmets",
								"minecraft:armor": {
									"protection": 0
								},
								"minecraft:wearable": {
									"slot": "slot.armor.head"
								},
								"minecraft:display_name": {
									"value": "Sunglasses"
								}
							}
						},
						"key": "description",
						"is_minified": true,
						"children": {
							"identifier": "sunglass:sunglasses_helmet",
							"category": "equipment"
						}
					},
					{
						"open": {
							"description": {
								"identifier": "sunglass:sunglasses_helmet",
								"category": "equipment"
							},
							"components": {
								"minecraft:max_stack_size": 1,
								"minecraft:icon": {
									"texture": "sunglass_sunglasses_helmet"
								},
								"minecraft:render_offsets": "helmets",
								"minecraft:armor": {
									"protection": 0
								},
								"minecraft:wearable": {
									"slot": "slot.armor.head"
								},
								"minecraft:display_name": {
									"value": "Sunglasses"
								}
							}
						},
						"key": "components",
						"children": [
							{
								"data": "1",
								"key": "minecraft:max_stack_size"
							},
							{
								"open": {
									"minecraft:max_stack_size": 1,
									"minecraft:icon": {
										"texture": "sunglass_sunglasses_helmet"
									},
									"minecraft:render_offsets": "helmets",
									"minecraft:armor": {
										"protection": 0
									},
									"minecraft:wearable": {
										"slot": "slot.armor.head"
									},
									"minecraft:display_name": {
										"value": "Sunglasses"
									}
								},
								"key": "minecraft:icon",
								"is_minified": true,
								"children": {
									"texture": "sunglass_sunglasses_helmet"
								}
							},
							{
								"data": "helmets",
								"key": "minecraft:render_offsets"
							},
							{
								"open": {
									"minecraft:max_stack_size": 1,
									"minecraft:icon": {
										"texture": "sunglass_sunglasses_helmet"
									},
									"minecraft:render_offsets": "helmets",
									"minecraft:armor": {
										"protection": 0
									},
									"minecraft:wearable": {
										"slot": "slot.armor.head"
									},
									"minecraft:display_name": {
										"value": "Sunglasses"
									}
								},
								"key": "minecraft:armor",
								"is_minified": true,
								"children": {
									"protection": 0
								}
							},
							{
								"open": {
									"minecraft:max_stack_size": 1,
									"minecraft:icon": {
										"texture": "sunglass_sunglasses_helmet"
									},
									"minecraft:render_offsets": "helmets",
									"minecraft:armor": {
										"protection": 0
									},
									"minecraft:wearable": {
										"slot": "slot.armor.head"
									},
									"minecraft:display_name": {
										"value": "Sunglasses"
									}
								},
								"key": "minecraft:wearable",
								"is_minified": true,
								"children": {
									"slot": "slot.armor.head"
								}
							},
							{
								"open": {
									"minecraft:max_stack_size": 1,
									"minecraft:icon": {
										"texture": "sunglass_sunglasses_helmet"
									},
									"minecraft:render_offsets": "helmets",
									"minecraft:armor": {
										"protection": 0
									},
									"minecraft:wearable": {
										"slot": "slot.armor.head"
									},
									"minecraft:display_name": {
										"value": "Sunglasses"
									}
								},
								"key": "minecraft:display_name",
								"is_minified": true,
								"children": {
									"value": "Sunglasses"
								}
							}
						]
					}
				]
			}
		]
	}
}