{
	"file_path": "C:\\Users\\Jesse\\AppData\\Local\\Packages\\Microsoft.MinecraftUWP_8wekyb3d8bbwe\\LocalState\\games\\com.mojang\\development_behavior_packs\\Sunglasses\\recipes\\sunglasses.json",
	"file_type": "recipe",
	"format_version": 1,
	"file_uuid": "14c00908_3a58_4883_9e3d_25b1bdcf8762",
	"file_version": 12,
	"cache_content": {
		"children": [
			{
				"open": {
					"format_version": 1.12,
					"minecraft:recipe_shaped": {
						"description": {
							"identifier": "sunglass:sunglasses"
						},
						"tags": [
							"crafting_table"
						],
						"pattern": [
							"F F",
							"XFX"
						],
						"key": {
							"X": {
								"item": "minecraft:tinted_glass"
							},
							"F": {
								"item": "minecraft:iron_ingot"
							}
						},
						"result": {
							"item": "sunglass:sunglasses_helmet"
						}
					}
				},
				"data": "1.12",
				"key": "format_version"
			},
			{
				"open": {
					"format_version": 1.12,
					"minecraft:recipe_shaped": {
						"description": {
							"identifier": "sunglass:sunglasses"
						},
						"tags": [
							"crafting_table"
						],
						"pattern": [
							"F F",
							"XFX"
						],
						"key": {
							"X": {
								"item": "minecraft:tinted_glass"
							},
							"F": {
								"item": "minecraft:iron_ingot"
							}
						},
						"result": {
							"item": "sunglass:sunglasses_helmet"
						}
					}
				},
				"key": "minecraft:recipe_shaped",
				"children": [
					{
						"open": {
							"description": {
								"identifier": "sunglass:sunglasses"
							},
							"tags": [
								"crafting_table"
							],
							"pattern": [
								"F F",
								"XFX"
							],
							"key": {
								"X": {
									"item": "minecraft:tinted_glass"
								},
								"F": {
									"item": "minecraft:iron_ingot"
								}
							},
							"result": {
								"item": "sunglass:sunglasses_helmet"
							}
						},
						"key": "description",
						"is_minified": true,
						"children": {
							"identifier": "sunglass:sunglasses"
						}
					},
					{
						"open": {
							"description": {
								"identifier": "sunglass:sunglasses"
							},
							"tags": [
								"crafting_table"
							],
							"pattern": [
								"F F",
								"XFX"
							],
							"key": {
								"X": {
									"item": "minecraft:tinted_glass"
								},
								"F": {
									"item": "minecraft:iron_ingot"
								}
							},
							"result": {
								"item": "sunglass:sunglasses_helmet"
							}
						},
						"key": "tags",
						"is_minified": true,
						"children": [
							"crafting_table"
						]
					},
					{
						"open": {
							"description": {
								"identifier": "sunglass:sunglasses"
							},
							"tags": [
								"crafting_table"
							],
							"pattern": [
								"F F",
								"XFX"
							],
							"key": {
								"X": {
									"item": "minecraft:tinted_glass"
								},
								"F": {
									"item": "minecraft:iron_ingot"
								}
							},
							"result": {
								"item": "sunglass:sunglasses_helmet"
							}
						},
						"key": "pattern",
						"is_minified": true,
						"children": [
							"F F",
							"XFX"
						]
					},
					{
						"open": {
							"description": {
								"identifier": "sunglass:sunglasses"
							},
							"tags": [
								"crafting_table"
							],
							"pattern": [
								"F F",
								"XFX"
							],
							"key": {
								"X": {
									"item": "minecraft:tinted_glass"
								},
								"F": {
									"item": "minecraft:iron_ingot"
								}
							},
							"result": {
								"item": "sunglass:sunglasses_helmet"
							}
						},
						"key": "key",
						"children": [
							{
								"open": {
									"X": {
										"item": "minecraft:tinted_glass"
									},
									"F": {
										"item": "minecraft:iron_ingot"
									}
								},
								"key": "X",
								"is_minified": true,
								"children": {
									"item": "minecraft:tinted_glass"
								}
							},
							{
								"open": {
									"X": {
										"item": "minecraft:tinted_glass"
									},
									"F": {
										"item": "minecraft:iron_ingot"
									}
								},
								"key": "F",
								"is_minified": true,
								"children": {
									"item": "minecraft:iron_ingot"
								}
							}
						]
					},
					{
						"open": {
							"description": {
								"identifier": "sunglass:sunglasses"
							},
							"tags": [
								"crafting_table"
							],
							"pattern": [
								"F F",
								"XFX"
							],
							"key": {
								"X": {
									"item": "minecraft:tinted_glass"
								},
								"F": {
									"item": "minecraft:iron_ingot"
								}
							},
							"result": {
								"item": "sunglass:sunglasses_helmet"
							}
						},
						"key": "result",
						"is_minified": true,
						"children": {
							"item": "sunglass:sunglasses_helmet"
						}
					}
				]
			}
		]
	}
}